Eu_K,ln_Nu_over_gu,freq_GHz,tag,I_K_kms
156.323,30.113053656029003,232.9874,ethylene_glycol_2329874,1.2112472057116057
