Eu_K,ln_Nu_over_gu,freq_GHz,tag,I_K_kms
156.323,31.919215486326156,232.9874,ethylene_glycol_2329874,7.372909523255833
