Eu_K,ln_Nu_over_gu,freq_GHz,tag,I_K_kms
266.173,31.58912176830934,218.238988,ethylene_glycol_2182390,2.307659631389664
