Eu_K,ln_Nu_over_gu,freq_GHz,tag,I_K_kms
266.173,34.293787892616244,218.238988,ethylene_glycol_2182390,34.49795299076977
