Eu_K,ln_Nu_over_gu,freq_GHz,tag,I_K_kms
156.323,31.331787779357057,232.9874,ethylene_glycol_2329874,4.097531423710072
