Eu_K,ln_Nu_over_gu,freq_GHz,tag,I_K_kms
156.323,34.40187198272368,232.9874,ethylene_glycol_2329874,88.27605596549165
