Eu_K,ln_Nu_over_gu,freq_GHz,tag,I_K_kms
126.144,34.64878456924903,218.2605472,glycolaldehyde_2182605,6.320566416423176
