Eu_K,ln_Nu_over_gu,freq_GHz,tag,I_K_kms
126.144,35.93054746943595,218.2605472,glycolaldehyde_2182605,22.77291126469623
