Eu_K,ln_Nu_over_gu,freq_GHz,tag,I_K_kms
99.722,35.99518813857128,218.29789,methyl_formate_2182979,48.9130727654772
