Eu_K,ln_Nu_over_gu,freq_GHz,tag,I_K_kms
99.722,35.749084163475665,218.29789,methyl_formate_2182979,38.24224223720841
