Eu_K,ln_Nu_over_gu,freq_GHz,tag,I_K_kms
99.722,35.4350787549238,218.29789,methyl_formate_2182979,27.93653453715828
