Eu_K,ln_Nu_over_gu,freq_GHz,tag,I_K_kms
99.722,34.989765705348226,218.29789,methyl_formate_2182979,17.89680605505126
