Eu_K,ln_Nu_over_gu,freq_GHz,tag,I_K_kms
99.722,35.65440459076966,218.29789,methyl_formate_2182979,34.78760515638551
