Eu_K,ln_Nu_over_gu,freq_GHz,tag,I_K_kms
99.722,32.99431194663034,218.29789,methyl_formate_2182979,2.433105696019378
