Eu_K,ln_Nu_over_gu,freq_GHz,tag,I_K_kms
99.722,35.23300940584938,218.29789,methyl_formate_2182979,22.825217711985538
