Eu_K,ln_Nu_over_gu,freq_GHz,tag,I_K_kms
99.722,36.23125499179483,218.29789,methyl_formate_2182979,61.936616691046865
