Eu_K,ln_Nu_over_gu,freq_GHz,tag,I_K_kms
99.722,35.69175274974913,218.29789,methyl_formate_2182979,36.11142541110975
