Eu_K,ln_Nu_over_gu,freq_GHz,tag,I_K_kms
99.722,33.7422011389713,218.29789,methyl_formate_2182979,5.140023738646289
