Eu_K,ln_Nu_over_gu,freq_GHz,tag,I_K_kms
99.722,35.91905140942982,218.29789,methyl_formate_2182979,45.32723057462909
