Eu_K,ln_Nu_over_gu,freq_GHz,tag,I_K_kms
99.722,34.78249911013879,218.29789,methyl_formate_2182979,14.546576430202798
