Eu_K,ln_Nu_over_gu,freq_GHz,tag,I_K_kms
99.722,35.42582250671127,218.29789,methyl_formate_2182979,27.679140130297053
