Eu_K,ln_Nu_over_gu,freq_GHz,tag,I_K_kms
99.722,36.16346563645361,218.29789,methyl_formate_2182979,57.87712306443931
