Eu_K,ln_Nu_over_gu,freq_GHz,tag,I_K_kms
99.722,35.00928890848335,218.29789,methyl_formate_2182979,18.24964207271371
