Eu_K,ln_Nu_over_gu,freq_GHz,tag,I_K_kms
240.095,31.0725386944015,232.96757,propanenitrile_2329676,1.4782635125732928
