Eu_K,ln_Nu_over_gu,freq_GHz,tag,I_K_kms
40.187,34.16975583488183,217.8306936,glycolaldehyde_2178307,2.2695885777764366
