Eu_K,ln_Nu_over_gu,freq_GHz,tag,I_K_kms
99.722,35.79233722088196,218.29789,methyl_formate_2182979,39.932629824712656
