Eu_K,ln_Nu_over_gu,freq_GHz,tag,I_K_kms
99.722,33.41334484575466,218.29789,methyl_formate_2182979,3.6995137964599705
