Eu_K,ln_Nu_over_gu,freq_GHz,tag,I_K_kms
99.722,35.261390994032816,218.29789,methyl_formate_2182979,23.482314255217794
