Eu_K,ln_Nu_over_gu,freq_GHz,tag,I_K_kms
99.722,34.73832520569401,218.29789,methyl_formate_2182979,13.917983272941935
