Eu_K,ln_Nu_over_gu,freq_GHz,tag,I_K_kms
99.722,34.57292957481261,218.29789,methyl_formate_2182979,11.796302485855891
