Eu_K,ln_Nu_over_gu,freq_GHz,tag,I_K_kms
99.722,33.54173016872724,218.29789,methyl_formate_2182979,4.206313991072858
