Eu_K,ln_Nu_over_gu,freq_GHz,tag,I_K_kms
99.722,34.37746484787806,218.29789,methyl_formate_2182979,9.701896741715405
