Eu_K,ln_Nu_over_gu,freq_GHz,tag,I_K_kms
99.722,35.210118775041,218.29789,methyl_formate_2182979,22.308668701523825
