Eu_K,ln_Nu_over_gu,freq_GHz,tag,I_K_kms
99.722,34.086057240385635,218.29789,methyl_formate_2182979,7.249364423390045
