Eu_K,ln_Nu_over_gu,freq_GHz,tag,I_K_kms
99.722,35.821490558779566,218.29789,methyl_formate_2182979,41.113935104680294
