Eu_K,ln_Nu_over_gu,freq_GHz,tag,I_K_kms
99.722,35.01140542229744,218.29789,methyl_formate_2182979,18.288308596944916
