Eu_K,ln_Nu_over_gu,freq_GHz,tag,I_K_kms
99.722,35.93973229599015,218.29789,methyl_formate_2182979,46.27439826368123
